{
    "version": 1,
    "models": {
        "UserProfile": {
            "name": "UserProfile",
            "fields": {
                "id": {
                    "name": "id",
                    "isArray": false,
                    "type": "ID",
                    "isRequired": true,
                    "attributes": []
                },
                "userId": {
                    "name": "userId",
                    "isArray": false,
                    "type": "String",
                    "isRequired": true,
                    "attributes": []
                },
                "spotifyId": {
                    "name": "spotifyId",
                    "isArray": false,
                    "type": "String",
                    "isRequired": false,
                    "attributes": []
                },
                "displayName": {
                    "name": "displayName",
                    "isArray": false,
                    "type": "String",
                    "isRequired": false,
                    "attributes": []
                },
                "email": {
                    "name": "email",
                    "isArray": false,
                    "type": "AWSEmail",
                    "isRequired": false,
                    "attributes": []
                },
                "imageUrl": {
                    "name": "imageUrl",
                    "isArray": false,
                    "type": "String",
                    "isRequired": false,
                    "attributes": []
                },
                "spotifyRefreshToken": {
                    "name": "spotifyRefreshToken",
                    "isArray": false,
                    "type": "String",
                    "isRequired": false,
                    "attributes": []
                },
                "listeningData": {
                    "name": "listeningData",
                    "isArray": false,
                    "type": "AWSJSON",
                    "isRequired": false,
                    "attributes": []
                },
                "topArtists": {
                    "name": "topArtists",
                    "isArray": false,
                    "type": "AWSJSON",
                    "isRequired": false,
                    "attributes": []
                },
                "topGenres": {
                    "name": "topGenres",
                    "isArray": false,
                    "type": "AWSJSON",
                    "isRequired": false,
                    "attributes": []
                },
                "events": {
                    "name": "events",
                    "isArray": true,
                    "type": {
                        "model": "UserEvent"
                    },
                    "isRequired": false,
                    "attributes": [],
                    "isArrayNullable": true,
                    "association": {
                        "connectionType": "HAS_MANY",
                        "associatedWith": [
                            "userId"
                        ]
                    }
                },
                "recommendations": {
                    "name": "recommendations",
                    "isArray": true,
                    "type": {
                        "model": "Recommendation"
                    },
                    "isRequired": false,
                    "attributes": [],
                    "isArrayNullable": true,
                    "association": {
                        "connectionType": "HAS_MANY",
                        "associatedWith": [
                            "userId"
                        ]
                    }
                },
                "lastSync": {
                    "name": "lastSync",
                    "isArray": false,
                    "type": "AWSDateTime",
                    "isRequired": false,
                    "attributes": []
                },
                "createdAt": {
                    "name": "createdAt",
                    "isArray": false,
                    "type": "AWSDateTime",
                    "isRequired": false,
                    "attributes": [],
                    "isReadOnly": true
                },
                "updatedAt": {
                    "name": "updatedAt",
                    "isArray": false,
                    "type": "AWSDateTime",
                    "isRequired": false,
                    "attributes": [],
                    "isReadOnly": true
                }
            },
            "syncable": true,
            "pluralName": "UserProfiles",
            "attributes": [
                {
                    "type": "model",
                    "properties": {}
                },
                {
                    "type": "auth",
                    "properties": {
                        "rules": [
                            {
                                "provider": "userPools",
                                "ownerField": "owner",
                                "allow": "owner",
                                "identityClaim": "cognito:username",
                                "operations": [
                                    "create",
                                    "update",
                                    "delete",
                                    "read"
                                ]
                            },
                            {
                                "allow": "private",
                                "operations": [
                                    "read"
                                ]
                            }
                        ]
                    }
                }
            ],
            "primaryKeyInfo": {
                "isCustomPrimaryKey": false,
                "primaryKeyFieldName": "id",
                "sortKeyFieldNames": []
            }
        },
        "Event": {
            "name": "Event",
            "fields": {
                "id": {
                    "name": "id",
                    "isArray": false,
                    "type": "ID",
                    "isRequired": true,
                    "attributes": []
                },
                "eventId": {
                    "name": "eventId",
                    "isArray": false,
                    "type": "String",
                    "isRequired": true,
                    "attributes": []
                },
                "name": {
                    "name": "name",
                    "isArray": false,
                    "type": "String",
                    "isRequired": true,
                    "attributes": []
                },
                "date": {
                    "name": "date",
                    "isArray": false,
                    "type": "AWSDate",
                    "isRequired": true,
                    "attributes": []
                },
                "startTime": {
                    "name": "startTime",
                    "isArray": false,
                    "type": "String",
                    "isRequired": false,
                    "attributes": []
                },
                "endTime": {
                    "name": "endTime",
                    "isArray": false,
                    "type": "String",
                    "isRequired": false,
                    "attributes": []
                },
                "venue": {
                    "name": "venue",
                    "isArray": false,
                    "type": "AWSJSON",
                    "isRequired": true,
                    "attributes": []
                },
                "artists": {
                    "name": "artists",
                    "isArray": false,
                    "type": "AWSJSON",
                    "isRequired": true,
                    "attributes": []
                },
                "genres": {
                    "name": "genres",
                    "isArray": false,
                    "type": "AWSJSON",
                    "isRequired": false,
                    "attributes": []
                },
                "ages": {
                    "name": "ages",
                    "isArray": false,
                    "type": "String",
                    "isRequired": false,
                    "attributes": []
                },
                "festivalInd": {
                    "name": "festivalInd",
                    "isArray": false,
                    "type": "Boolean",
                    "isRequired": false,
                    "attributes": []
                },
                "electronicGenreInd": {
                    "name": "electronicGenreInd",
                    "isArray": false,
                    "type": "Boolean",
                    "isRequired": false,
                    "attributes": []
                },
                "otherGenreInd": {
                    "name": "otherGenreInd",
                    "isArray": false,
                    "type": "Boolean",
                    "isRequired": false,
                    "attributes": []
                },
                "link": {
                    "name": "link",
                    "isArray": false,
                    "type": "String",
                    "isRequired": false,
                    "attributes": []
                },
                "ticketLink": {
                    "name": "ticketLink",
                    "isArray": false,
                    "type": "String",
                    "isRequired": false,
                    "attributes": []
                },
                "imageUrl": {
                    "name": "imageUrl",
                    "isArray": false,
                    "type": "String",
                    "isRequired": false,
                    "attributes": []
                },
                "city": {
                    "name": "city",
                    "isArray": false,
                    "type": "String",
                    "isRequired": false,
                    "attributes": []
                },
                "state": {
                    "name": "state",
                    "isArray": false,
                    "type": "String",
                    "isRequired": false,
                    "attributes": []
                },
                "latitude": {
                    "name": "latitude",
                    "isArray": false,
                    "type": "Float",
                    "isRequired": false,
                    "attributes": []
                },
                "longitude": {
                    "name": "longitude",
                    "isArray": false,
                    "type": "Float",
                    "isRequired": false,
                    "attributes": []
                },
                "userEvents": {
                    "name": "userEvents",
                    "isArray": true,
                    "type": {
                        "model": "UserEvent"
                    },
                    "isRequired": false,
                    "attributes": [],
                    "isArrayNullable": true,
                    "association": {
                        "connectionType": "HAS_MANY",
                        "associatedWith": [
                            "eventId"
                        ]
                    }
                },
                "recommendations": {
                    "name": "recommendations",
                    "isArray": true,
                    "type": {
                        "model": "Recommendation"
                    },
                    "isRequired": false,
                    "attributes": [],
                    "isArrayNullable": true,
                    "association": {
                        "connectionType": "HAS_MANY",
                        "associatedWith": [
                            "eventId"
                        ]
                    }
                },
                "createdAt": {
                    "name": "createdAt",
                    "isArray": false,
                    "type": "AWSDateTime",
                    "isRequired": false,
                    "attributes": [],
                    "isReadOnly": true
                },
                "updatedAt": {
                    "name": "updatedAt",
                    "isArray": false,
                    "type": "AWSDateTime",
                    "isRequired": false,
                    "attributes": [],
                    "isReadOnly": true
                }
            },
            "syncable": true,
            "pluralName": "Events",
            "attributes": [
                {
                    "type": "model",
                    "properties": {}
                },
                {
                    "type": "key",
                    "properties": {
                        "name": "eventsByCityAndDate",
                        "queryField": "listEventByCityAndDate",
                        "fields": [
                            "city",
                            "date"
                        ]
                    }
                },
                {
                    "type": "key",
                    "properties": {
                        "name": "eventsByStateAndDate",
                        "queryField": "listEventByStateAndDate",
                        "fields": [
                            "state",
                            "date"
                        ]
                    }
                },
                {
                    "type": "auth",
                    "properties": {
                        "rules": [
                            {
                                "allow": "public",
                                "provider": "apiKey",
                                "operations": [
                                    "create",
                                    "update",
                                    "delete",
                                    "read"
                                ]
                            },
                            {
                                "allow": "private",
                                "operations": [
                                    "read"
                                ]
                            }
                        ]
                    }
                }
            ],
            "primaryKeyInfo": {
                "isCustomPrimaryKey": false,
                "primaryKeyFieldName": "id",
                "sortKeyFieldNames": []
            }
        },
        "UserEvent": {
            "name": "UserEvent",
            "fields": {
                "id": {
                    "name": "id",
                    "isArray": false,
                    "type": "ID",
                    "isRequired": true,
                    "attributes": []
                },
                "userId": {
                    "name": "userId",
                    "isArray": false,
                    "type": "String",
                    "isRequired": true,
                    "attributes": []
                },
                "eventId": {
                    "name": "eventId",
                    "isArray": false,
                    "type": "String",
                    "isRequired": true,
                    "attributes": []
                },
                "status": {
                    "name": "status",
                    "isArray": false,
                    "type": {
                        "enum": "UserEventStatus"
                    },
                    "isRequired": false,
                    "attributes": []
                },
                "notes": {
                    "name": "notes",
                    "isArray": false,
                    "type": "String",
                    "isRequired": false,
                    "attributes": []
                },
                "rating": {
                    "name": "rating",
                    "isArray": false,
                    "type": "Int",
                    "isRequired": false,
                    "attributes": []
                },
                "user": {
                    "name": "user",
                    "isArray": false,
                    "type": {
                        "model": "UserProfile"
                    },
                    "isRequired": false,
                    "attributes": [],
                    "association": {
                        "connectionType": "BELONGS_TO",
                        "targetNames": [
                            "userId"
                        ]
                    }
                },
                "event": {
                    "name": "event",
                    "isArray": false,
                    "type": {
                        "model": "Event"
                    },
                    "isRequired": false,
                    "attributes": [],
                    "association": {
                        "connectionType": "BELONGS_TO",
                        "targetNames": [
                            "eventId"
                        ]
                    }
                },
                "addedAt": {
                    "name": "addedAt",
                    "isArray": false,
                    "type": "AWSDateTime",
                    "isRequired": false,
                    "attributes": []
                },
                "createdAt": {
                    "name": "createdAt",
                    "isArray": false,
                    "type": "AWSDateTime",
                    "isRequired": false,
                    "attributes": [],
                    "isReadOnly": true
                },
                "updatedAt": {
                    "name": "updatedAt",
                    "isArray": false,
                    "type": "AWSDateTime",
                    "isRequired": false,
                    "attributes": [],
                    "isReadOnly": true
                }
            },
            "syncable": true,
            "pluralName": "UserEvents",
            "attributes": [
                {
                    "type": "model",
                    "properties": {}
                },
                {
                    "type": "key",
                    "properties": {
                        "name": "userEventsByUserIdAndStatusAndAddedAt",
                        "queryField": "listUserEventByUserIdAndStatusAndAddedAt",
                        "fields": [
                            "userId",
                            "status",
                            "addedAt"
                        ]
                    }
                },
                {
                    "type": "auth",
                    "properties": {
                        "rules": [
                            {
                                "provider": "userPools",
                                "ownerField": "owner",
                                "allow": "owner",
                                "identityClaim": "cognito:username",
                                "operations": [
                                    "create",
                                    "update",
                                    "delete",
                                    "read"
                                ]
                            }
                        ]
                    }
                }
            ],
            "primaryKeyInfo": {
                "isCustomPrimaryKey": false,
                "primaryKeyFieldName": "id",
                "sortKeyFieldNames": []
            }
        },
        "Recommendation": {
            "name": "Recommendation",
            "fields": {
                "id": {
                    "name": "id",
                    "isArray": false,
                    "type": "ID",
                    "isRequired": true,
                    "attributes": []
                },
                "userId": {
                    "name": "userId",
                    "isArray": false,
                    "type": "String",
                    "isRequired": true,
                    "attributes": []
                },
                "eventId": {
                    "name": "eventId",
                    "isArray": false,
                    "type": "String",
                    "isRequired": true,
                    "attributes": []
                },
                "matchScore": {
                    "name": "matchScore",
                    "isArray": false,
                    "type": "Float",
                    "isRequired": true,
                    "attributes": []
                },
                "matchReasons": {
                    "name": "matchReasons",
                    "isArray": false,
                    "type": "AWSJSON",
                    "isRequired": false,
                    "attributes": []
                },
                "user": {
                    "name": "user",
                    "isArray": false,
                    "type": {
                        "model": "UserProfile"
                    },
                    "isRequired": false,
                    "attributes": [],
                    "association": {
                        "connectionType": "BELONGS_TO",
                        "targetNames": [
                            "userId"
                        ]
                    }
                },
                "event": {
                    "name": "event",
                    "isArray": false,
                    "type": {
                        "model": "Event"
                    },
                    "isRequired": false,
                    "attributes": [],
                    "association": {
                        "connectionType": "BELONGS_TO",
                        "targetNames": [
                            "eventId"
                        ]
                    }
                },
                "createdAt": {
                    "name": "createdAt",
                    "isArray": false,
                    "type": "AWSDateTime",
                    "isRequired": false,
                    "attributes": []
                },
                "updatedAt": {
                    "name": "updatedAt",
                    "isArray": false,
                    "type": "AWSDateTime",
                    "isRequired": false,
                    "attributes": [],
                    "isReadOnly": true
                }
            },
            "syncable": true,
            "pluralName": "Recommendations",
            "attributes": [
                {
                    "type": "model",
                    "properties": {}
                },
                {
                    "type": "key",
                    "properties": {
                        "name": "recommendationsByUserIdAndMatchScore",
                        "queryField": "listRecommendationByUserIdAndMatchScore",
                        "fields": [
                            "userId",
                            "matchScore"
                        ]
                    }
                },
                {
                    "type": "auth",
                    "properties": {
                        "rules": [
                            {
                                "provider": "userPools",
                                "ownerField": "owner",
                                "allow": "owner",
                                "identityClaim": "cognito:username",
                                "operations": [
                                    "create",
                                    "update",
                                    "delete",
                                    "read"
                                ]
                            },
                            {
                                "allow": "private",
                                "operations": [
                                    "read"
                                ]
                            }
                        ]
                    }
                }
            ],
            "primaryKeyInfo": {
                "isCustomPrimaryKey": false,
                "primaryKeyFieldName": "id",
                "sortKeyFieldNames": []
            }
        },
        "Location": {
            "name": "Location",
            "fields": {
                "id": {
                    "name": "id",
                    "isArray": false,
                    "type": "ID",
                    "isRequired": true,
                    "attributes": []
                },
                "locationId": {
                    "name": "locationId",
                    "isArray": false,
                    "type": "Int",
                    "isRequired": true,
                    "attributes": []
                },
                "city": {
                    "name": "city",
                    "isArray": false,
                    "type": "String",
                    "isRequired": true,
                    "attributes": []
                },
                "state": {
                    "name": "state",
                    "isArray": false,
                    "type": "String",
                    "isRequired": true,
                    "attributes": []
                },
                "stateCode": {
                    "name": "stateCode",
                    "isArray": false,
                    "type": "String",
                    "isRequired": true,
                    "attributes": []
                },
                "latitude": {
                    "name": "latitude",
                    "isArray": false,
                    "type": "Float",
                    "isRequired": true,
                    "attributes": []
                },
                "longitude": {
                    "name": "longitude",
                    "isArray": false,
                    "type": "Float",
                    "isRequired": true,
                    "attributes": []
                },
                "radius": {
                    "name": "radius",
                    "isArray": false,
                    "type": "Int",
                    "isRequired": false,
                    "attributes": []
                },
                "createdAt": {
                    "name": "createdAt",
                    "isArray": false,
                    "type": "AWSDateTime",
                    "isRequired": false,
                    "attributes": [],
                    "isReadOnly": true
                },
                "updatedAt": {
                    "name": "updatedAt",
                    "isArray": false,
                    "type": "AWSDateTime",
                    "isRequired": false,
                    "attributes": [],
                    "isReadOnly": true
                }
            },
            "syncable": true,
            "pluralName": "Locations",
            "attributes": [
                {
                    "type": "model",
                    "properties": {}
                },
                {
                    "type": "key",
                    "properties": {
                        "name": "locationsByCity",
                        "queryField": "listLocationByCity",
                        "fields": [
                            "city"
                        ]
                    }
                },
                {
                    "type": "key",
                    "properties": {
                        "name": "locationsByState",
                        "queryField": "listLocationByState",
                        "fields": [
                            "state"
                        ]
                    }
                },
                {
                    "type": "auth",
                    "properties": {
                        "rules": [
                            {
                                "allow": "public",
                                "provider": "apiKey",
                                "operations": [
                                    "create",
                                    "update",
                                    "delete",
                                    "read"
                                ]
                            },
                            {
                                "allow": "private",
                                "operations": [
                                    "read"
                                ]
                            }
                        ]
                    }
                }
            ],
            "primaryKeyInfo": {
                "isCustomPrimaryKey": false,
                "primaryKeyFieldName": "id",
                "sortKeyFieldNames": []
            }
        }
    },
    "enums": {
        "UserEventStatus": {
            "name": "UserEventStatus",
            "values": [
                "wishlist",
                "attended",
                "skipped"
            ]
        }
    },
    "nonModels": {},
    "queries": {
        "getUpcomingEvents": {
            "name": "getUpcomingEvents",
            "isArray": false,
            "type": "AWSJSON",
            "isRequired": false,
            "arguments": {
                "city": {
                    "name": "city",
                    "isArray": false,
                    "type": "String",
                    "isRequired": false
                },
                "state": {
                    "name": "state",
                    "isArray": false,
                    "type": "String",
                    "isRequired": false
                },
                "limit": {
                    "name": "limit",
                    "isArray": false,
                    "type": "Int",
                    "isRequired": false
                }
            }
        },
        "getUserRecommendations": {
            "name": "getUserRecommendations",
            "isArray": false,
            "type": "AWSJSON",
            "isRequired": false,
            "arguments": {
                "userId": {
                    "name": "userId",
                    "isArray": false,
                    "type": "String",
                    "isRequired": true
                },
                "limit": {
                    "name": "limit",
                    "isArray": false,
                    "type": "Int",
                    "isRequired": false
                }
            }
        }
    },
    "mutations": {
        "syncSpotifyData": {
            "name": "syncSpotifyData",
            "isArray": false,
            "type": {
                "model": "UserProfile"
            },
            "isRequired": false,
            "arguments": {
                "accessToken": {
                    "name": "accessToken",
                    "isArray": false,
                    "type": "String",
                    "isRequired": true
                },
                "refreshToken": {
                    "name": "refreshToken",
                    "isArray": false,
                    "type": "String",
                    "isRequired": false
                }
            }
        },
        "fetchEDMEvents": {
            "name": "fetchEDMEvents",
            "isArray": false,
            "type": "AWSJSON",
            "isRequired": false,
            "arguments": {
                "city": {
                    "name": "city",
                    "isArray": false,
                    "type": "String",
                    "isRequired": false
                },
                "state": {
                    "name": "state",
                    "isArray": false,
                    "type": "String",
                    "isRequired": false
                },
                "latitude": {
                    "name": "latitude",
                    "isArray": false,
                    "type": "Float",
                    "isRequired": false
                },
                "longitude": {
                    "name": "longitude",
                    "isArray": false,
                    "type": "Float",
                    "isRequired": false
                },
                "startDate": {
                    "name": "startDate",
                    "isArray": false,
                    "type": "AWSDate",
                    "isRequired": false
                },
                "endDate": {
                    "name": "endDate",
                    "isArray": false,
                    "type": "AWSDate",
                    "isRequired": false
                }
            }
        },
        "generateRecommendations": {
            "name": "generateRecommendations",
            "isArray": false,
            "type": "AWSJSON",
            "isRequired": false,
            "arguments": {
                "userId": {
                    "name": "userId",
                    "isArray": false,
                    "type": "String",
                    "isRequired": true
                }
            }
        }
    }
}